YearsExperience,Predicted_Salary
1,37657.393511092814
2,46236.16098777874
3,54814.92846446466
4,63393.69594115059
5,71972.46341783652
